{"cameraMode":{"drawMode":0,"name":"Shaded","section":"Shading Mode"},"sceneLighting":false,"audioPlay":false,"sceneViewState":{"m_AlwaysRefresh":false,"showFog":true,"showSkybox":false,"showFlares":true,"showImageEffects":true,"showParticleSystems":true,"showVisualEffectGraphs":true,"m_FxEnabled":true},"in2DMode":false,"pivot":{"x":10.38689136505127,"y":-22.952775955200197,"z":-9.935379981994629},"rotation":{"x":0.09583703428506851,"y":-0.017916198819875718,"z":0.001725256908684969,"w":0.9952338337898254},"size":1.1125272512435914,"orthographic":false}